{"stats":{"minecraft:killed":{"minecraft:piglin":9,"minecraft:piglin_brute":10,"minecraft:cow":7,"artifacts:mimic":24},"minecraft:used":{"minecraft:birch_planks":2,"minecraft:grass_block":251,"torchmaster:megatorch":25,"minecraft:red_mushroom_block":71,"minecraft:mushroom_stem":3},"minecraft:picked_up":{"minecraft:stick":1,"artifacts:plastic_drinking_hat":1,"artifacts:feral_claws":1,"artifacts:shock_pendant":1,"artifacts:snorkel":1,"artifacts:fire_gauntlet":1,"minecraft:beetroot":1,"minecraft:leather":5,"minecraft:beetroot_seeds":8,"minecraft:wheat_seeds":803,"minecraft:red_mushroom":1,"artifacts:crystal_heart":1,"artifacts:thorn_pendant":1,"artifacts:aqua_dashers":1,"minecraft:beef":12,"artifacts:kitty_slippers":1,"artifacts:superstitious_hat":1,"artifacts:antidote_vessel":2,"artifacts:scarf_of_invisibility":1,"minecraft:cod":2},"minecraft:custom":{"lootr:looted_stat":4,"minecraft:time_since_rest":8231,"minecraft:crouch_one_cm":233,"minecraft:sprint_one_cm":8103,"minecraft:play_time":69233,"minecraft:deaths":4,"minecraft:walk_one_cm":13684,"minecraft:sneak_time":1837,"minecraft:walk_under_water_one_cm":8119,"minecraft:mob_kills":50,"minecraft:jump":47,"minecraft:damage_dealt":19466,"minecraft:leave_game":1,"minecraft:walk_on_water_one_cm":11274,"minecraft:time_since_death":8206,"minecraft:climb_one_cm":75,"minecraft:total_world_time":69233,"minecraft:fly_one_cm":613859}},"DataVersion":2975}