{"stats":{"minecraft:custom":{"minecraft:jump":12,"minecraft:time_since_rest":10138,"minecraft:leave_game":1,"minecraft:crouch_one_cm":192,"minecraft:deaths":1,"minecraft:sprint_one_cm":7248,"minecraft:play_time":27867,"minecraft:walk_on_water_one_cm":5039,"minecraft:time_since_death":10109,"minecraft:walk_one_cm":5539,"minecraft:sneak_time":622,"minecraft:total_world_time":27867,"minecraft:walk_under_water_one_cm":8119,"minecraft:fly_one_cm":149770},"minecraft:picked_up":{"minecraft:wheat_seeds":803},"minecraft:used":{"minecraft:grass_block":87}},"DataVersion":2975}