{"stats":{"minecraft:killed":{"artifacts:mimic":2},"minecraft:mined":{"minecraft:bamboo":2},"minecraft:picked_up":{"artifacts:running_shoes":1,"minecraft:bamboo":24,"artifacts:flippers":1,"minecraft:lantern":1},"minecraft:dropped":{"minecraft:lantern":1},"minecraft:used":{"advancednetherite:netherite_diamond_sword":13,"minecraft:white_wool":7,"minecraft:spruce_leaves":85,"carryon:entity_item":3},"minecraft:custom":{"minecraft:open_barrel":1,"minecraft:time_since_rest":44198,"minecraft:crouch_one_cm":211,"minecraft:play_time":49436,"lootr:looted_stat":27,"minecraft:sprint_one_cm":7054,"minecraft:deaths":1,"minecraft:walk_one_cm":14342,"minecraft:sneak_time":1283,"minecraft:walk_under_water_one_cm":2248,"minecraft:mob_kills":3,"minecraft:drop":1,"minecraft:jump":54,"minecraft:damage_dealt":1728,"minecraft:interact_with_blast_furnace":1,"minecraft:leave_game":2,"minecraft:time_since_death":44161,"minecraft:walk_on_water_one_cm":449,"minecraft:climb_one_cm":478,"minecraft:total_world_time":49436,"minecraft:fall_one_cm":418,"minecraft:fly_one_cm":351889,"minecraft:player_kills":1}},"DataVersion":2975}