{"stats":{"minecraft:custom":{"minecraft:time_since_rest":2108,"minecraft:crouch_one_cm":297,"minecraft:leave_game":2,"minecraft:play_time":2108,"minecraft:sprint_one_cm":874,"minecraft:time_since_death":2108,"minecraft:walk_one_cm":2622,"minecraft:sneak_time":31,"minecraft:total_world_time":2108,"minecraft:fly_one_cm":277,"minecraft:jump":1},"minecraft:mined":{"minecraft:birch_log":1},"minecraft:picked_up":{"minecraft:birch_log":1},"minecraft:used":{"minecraft:birch_log":1}},"DataVersion":2975}