{"stats":{"minecraft:mined":{"minecraft:grass":1},"minecraft:picked_up":{"artifacts:scarf_of_invisibility":1,"minecraft:wheat_seeds":1},"minecraft:custom":{"minecraft:jump":32,"minecraft:time_since_rest":18994,"minecraft:damage_dealt":94,"minecraft:crouch_one_cm":408,"minecraft:sprint_one_cm":7452,"minecraft:play_time":18994,"minecraft:walk_on_water_one_cm":2158,"minecraft:time_since_death":18994,"minecraft:walk_one_cm":14912,"minecraft:sneak_time":470,"minecraft:total_world_time":18994,"minecraft:walk_under_water_one_cm":3755,"minecraft:fall_one_cm":420,"minecraft:fly_one_cm":195342}},"DataVersion":2975}