{"stats":{"minecraft:picked_up":{"minecraft:dirt":7},"minecraft:used":{"securitycraft:keypad_barrel":2,"minecraft:dirt":3,"artifacts:everlasting_beef":1},"minecraft:custom":{"minecraft:open_barrel":1,"minecraft:time_since_rest":4869,"minecraft:leave_game":7,"minecraft:crouch_one_cm":43,"minecraft:play_time":26425,"minecraft:sprint_one_cm":8930,"minecraft:time_since_death":4789,"minecraft:walk_one_cm":6278,"minecraft:deaths":1,"minecraft:sneak_time":27,"minecraft:total_world_time":26425,"minecraft:climb_one_cm":290,"minecraft:fall_one_cm":209,"minecraft:fly_one_cm":336819,"minecraft:jump":51},"minecraft:mined":{"minecraft:grass_block":1,"minecraft:dirt":6}},"DataVersion":2975}