{"stats":{"minecraft:used":{"securitycraft:keypad_barrel":2,"minecraft:dirt":3,"artifacts:everlasting_beef":1},"minecraft:picked_up":{"minecraft:dirt":7},"minecraft:mined":{"minecraft:grass_block":1,"minecraft:dirt":6},"minecraft:custom":{"minecraft:open_barrel":1,"minecraft:time_since_rest":21294,"minecraft:leave_game":5,"minecraft:crouch_one_cm":43,"minecraft:play_time":21294,"minecraft:sprint_one_cm":6400,"minecraft:time_since_death":21294,"minecraft:walk_one_cm":3843,"minecraft:sneak_time":24,"minecraft:total_world_time":21294,"minecraft:climb_one_cm":106,"minecraft:fall_one_cm":209,"minecraft:fly_one_cm":259839,"minecraft:jump":42}},"DataVersion":2975}