{"stats":{"minecraft:custom":{"minecraft:jump":61,"minecraft:time_since_rest":24364,"minecraft:crouch_one_cm":110,"minecraft:leave_game":4,"minecraft:play_time":24364,"minecraft:sprint_one_cm":42879,"minecraft:time_since_death":24364,"minecraft:walk_on_water_one_cm":1921,"minecraft:walk_one_cm":15869,"minecraft:sneak_time":29,"minecraft:total_world_time":24364,"minecraft:walk_under_water_one_cm":4414,"minecraft:swim_one_cm":636,"minecraft:fly_one_cm":149010},"minecraft:picked_up":{"gravestone:obituary":1,"minecraft:wheat_seeds":1345}},"DataVersion":2975}