{"stats":{"minecraft:mined":{"minecraft:grass":4,"minecraft:grass_block":2},"minecraft:killed_by":{"minecraft:skeleton":1,"minecraft:creeper":1,"minecraft:drowned":1},"minecraft:picked_up":{"minecraft:porkchop":2,"minecraft:dirt":2},"minecraft:killed":{"minecraft:pig":1},"minecraft:custom":{"minecraft:time_since_rest":327,"minecraft:crouch_one_cm":475,"minecraft:sprint_one_cm":15815,"minecraft:play_time":12420,"minecraft:damage_taken":810,"minecraft:deaths":3,"minecraft:walk_one_cm":11950,"minecraft:sneak_time":155,"minecraft:walk_under_water_one_cm":55,"minecraft:mob_kills":1,"minecraft:jump":73,"minecraft:damage_dealt":100,"minecraft:leave_game":8,"minecraft:walk_on_water_one_cm":765,"minecraft:time_since_death":279,"minecraft:total_world_time":12420,"minecraft:swim_one_cm":522,"minecraft:fall_one_cm":1045,"minecraft:fly_one_cm":13266}},"DataVersion":2975}