{"stats":{"minecraft:mined":{"minecraft:grass_block":1,"minecraft:dirt":6},"minecraft:used":{"securitycraft:keypad_barrel":2,"minecraft:dirt":3,"artifacts:everlasting_beef":1},"minecraft:picked_up":{"minecraft:dirt":7},"minecraft:custom":{"minecraft:open_barrel":1,"minecraft:time_since_rest":20636,"minecraft:leave_game":4,"minecraft:crouch_one_cm":43,"minecraft:play_time":20636,"minecraft:sprint_one_cm":5950,"minecraft:time_since_death":20636,"minecraft:walk_one_cm":3763,"minecraft:sneak_time":24,"minecraft:total_world_time":20636,"minecraft:climb_one_cm":106,"minecraft:fall_one_cm":209,"minecraft:fly_one_cm":242634,"minecraft:jump":37}},"DataVersion":2975}