{"stats":{"minecraft:custom":{"minecraft:open_barrel":1,"minecraft:time_since_rest":14893,"minecraft:crouch_one_cm":43,"minecraft:leave_game":3,"minecraft:play_time":14893,"minecraft:sprint_one_cm":2518,"minecraft:time_since_death":14893,"minecraft:walk_one_cm":3067,"minecraft:sneak_time":22,"minecraft:total_world_time":14893,"minecraft:climb_one_cm":106,"minecraft:fall_one_cm":209,"minecraft:fly_one_cm":172076,"minecraft:jump":20},"minecraft:mined":{"minecraft:grass_block":1,"minecraft:dirt":6},"minecraft:used":{"securitycraft:keypad_barrel":2,"artifacts:everlasting_beef":1,"minecraft:dirt":3},"minecraft:picked_up":{"minecraft:dirt":7}},"DataVersion":2975}