{"stats":{"minecraft:dropped":{"gravestone:obituary":1,"minecraft:wheat_seeds":987},"minecraft:picked_up":{"gravestone:obituary":1,"minecraft:bamboo":14,"minecraft:beetroot":30,"minecraft:beetroot_seeds":65,"minecraft:wheat_seeds":1346},"minecraft:custom":{"minecraft:jump":151,"minecraft:time_since_rest":8231,"minecraft:deaths":3,"minecraft:leave_game":4,"minecraft:crouch_one_cm":110,"minecraft:time_since_death":7947,"minecraft:play_time":65919,"minecraft:sprint_one_cm":54415,"minecraft:walk_one_cm":36768,"minecraft:walk_on_water_one_cm":2011,"minecraft:sneak_time":96,"minecraft:total_world_time":65919,"minecraft:walk_under_water_one_cm":4516,"minecraft:swim_one_cm":636,"minecraft:drop":40,"minecraft:fly_one_cm":339855}},"DataVersion":2975}