{"stats":{"minecraft:used":{"securitycraft:keypad_barrel":2},"minecraft:custom":{"minecraft:open_barrel":1,"minecraft:time_since_rest":9314,"minecraft:crouch_one_cm":43,"minecraft:leave_game":2,"minecraft:play_time":9314,"minecraft:sprint_one_cm":1647,"minecraft:time_since_death":9314,"minecraft:walk_one_cm":1593,"minecraft:sneak_time":19,"minecraft:total_world_time":9314,"minecraft:climb_one_cm":106,"minecraft:fall_one_cm":209,"minecraft:fly_one_cm":169709,"minecraft:jump":14}},"DataVersion":2975}