{"stats":{"minecraft:mined":{"minecraft:grass_block":1,"minecraft:dirt":6},"minecraft:picked_up":{"minecraft:dirt":7},"minecraft:used":{"securitycraft:keypad_barrel":2,"minecraft:dirt":3,"artifacts:everlasting_beef":1},"minecraft:custom":{"minecraft:open_barrel":1,"minecraft:time_since_rest":3718,"minecraft:leave_game":6,"minecraft:crouch_one_cm":43,"minecraft:play_time":25274,"minecraft:sprint_one_cm":8639,"minecraft:deaths":1,"minecraft:time_since_death":3638,"minecraft:walk_one_cm":6278,"minecraft:sneak_time":27,"minecraft:total_world_time":25274,"minecraft:climb_one_cm":290,"minecraft:fall_one_cm":209,"minecraft:fly_one_cm":319846,"minecraft:jump":50}},"DataVersion":2975}