{"stats":{"minecraft:used":{"securitycraft:keypad_barrel":2},"minecraft:custom":{"minecraft:jump":13,"minecraft:time_since_rest":8165,"minecraft:crouch_one_cm":43,"minecraft:leave_game":1,"minecraft:sprint_one_cm":1647,"minecraft:play_time":8165,"minecraft:time_since_death":8165,"minecraft:walk_one_cm":1210,"minecraft:sneak_time":19,"minecraft:climb_one_cm":106,"minecraft:total_world_time":8165,"minecraft:fall_one_cm":209,"minecraft:fly_one_cm":169709,"minecraft:open_barrel":1}},"DataVersion":2975}