{"stats":{"minecraft:killed_by":{"minecraft:drowned":1},"minecraft:custom":{"minecraft:jump":47,"minecraft:time_since_rest":504,"minecraft:damage_taken":270,"minecraft:leave_game":5,"minecraft:crouch_one_cm":313,"minecraft:time_since_death":306,"minecraft:play_time":9017,"minecraft:sprint_one_cm":10544,"minecraft:walk_one_cm":4880,"minecraft:walk_on_water_one_cm":765,"minecraft:deaths":1,"minecraft:sneak_time":112,"minecraft:total_world_time":9017,"minecraft:walk_under_water_one_cm":55,"minecraft:swim_one_cm":522,"minecraft:fall_one_cm":627,"minecraft:fly_one_cm":9372}},"DataVersion":2975}