{"stats":{"minecraft:killed_by":{"minecraft:zombie":1},"minecraft:mined":{"gravestone:gravestone":2,"minecraft:birch_planks":1,"minecraft:fire":50},"minecraft:killed":{"minecraft:spider":3,"minecraft:creeper":1},"minecraft:used":{"minecraft:red_sandstone_stairs":5,"minecraft:birch_planks":157,"minecraft:oak_planks":3,"minecraft:ladder":4,"securitycraft:bucket_f_lava":24,"minecraft:polished_diorite":90},"minecraft:dropped":{"gravestone:obituary":1,"minecraft:birch_planks":2},"minecraft:picked_up":{"artifacts:digging_claws":1,"artifacts:thorn_pendant":1,"minecraft:birch_planks":3,"gravestone:obituary":1,"minecraft:gunpowder":1,"minecraft:string":3},"minecraft:custom":{"minecraft:time_since_rest":1475,"minecraft:play_time":26547,"minecraft:crouch_one_cm":611,"minecraft:sprint_one_cm":87178,"minecraft:damage_taken":856,"minecraft:deaths":3,"minecraft:walk_one_cm":104760,"minecraft:sneak_time":103,"minecraft:walk_under_water_one_cm":4077,"minecraft:mob_kills":4,"minecraft:drop":3,"minecraft:jump":276,"minecraft:damage_dealt":894,"minecraft:leave_game":3,"minecraft:time_since_death":1438,"minecraft:walk_on_water_one_cm":973,"minecraft:climb_one_cm":687,"minecraft:total_world_time":26547,"minecraft:fall_one_cm":4610,"minecraft:fly_one_cm":145997}},"DataVersion":2975}