{"stats":{"minecraft:custom":{"minecraft:time_since_rest":2998,"minecraft:crouch_one_cm":389,"minecraft:play_time":3676,"minecraft:sprint_one_cm":11477,"minecraft:walk_one_cm":19164,"minecraft:damage_taken":270,"minecraft:deaths":1,"minecraft:sneak_time":28,"minecraft:walk_under_water_one_cm":20,"minecraft:mob_kills":4,"minecraft:drop":1,"minecraft:jump":23,"minecraft:damage_dealt":679,"minecraft:leave_game":1,"minecraft:time_since_death":2977,"minecraft:walk_on_water_one_cm":157,"minecraft:total_world_time":3676,"minecraft:fly_one_cm":8498},"minecraft:killed":{"minecraft:spider":3,"minecraft:creeper":1},"minecraft:mined":{"gravestone:gravestone":1},"minecraft:dropped":{"gravestone:obituary":1},"minecraft:picked_up":{"gravestone:obituary":1,"minecraft:gunpowder":1,"minecraft:string":3},"minecraft:killed_by":{"minecraft:zombie":1}},"DataVersion":2975}