{"stats":{"minecraft:dropped":{"gravestone:obituary":2},"minecraft:picked_up":{"gravestone:obituary":2},"minecraft:killed_by":{"minecraft:player":1},"minecraft:custom":{"minecraft:jump":42,"minecraft:time_since_rest":44516,"minecraft:damage_taken":440,"minecraft:crouch_one_cm":1145,"minecraft:leave_game":2,"minecraft:play_time":46145,"minecraft:sprint_one_cm":779,"minecraft:time_since_death":44464,"minecraft:walk_one_cm":8202,"minecraft:deaths":2,"minecraft:sneak_time":664,"minecraft:total_world_time":46145,"minecraft:climb_one_cm":358,"minecraft:drop":2,"minecraft:fall_one_cm":2871,"minecraft:fly_one_cm":59559}},"DataVersion":2975}