{"stats":{"minecraft:killed_by":{"minecraft:zombie":1},"minecraft:killed":{"artifacts:mimic":2},"minecraft:used":{"minecraft:water_bucket":3,"minecraft:netherite_sword":64,"minecraft:stone":5,"artifacts:mimic_spawn_egg":26},"minecraft:dropped":{"artifacts:whoopee_cushion":1,"artifacts:crystal_heart":1,"gravestone:obituary":4,"artifacts:thorn_pendant":1,"minecraft:wheat_seeds":244,"artifacts:superstitious_hat":3,"artifacts:feral_claws":1,"artifacts:mimic_spawn_egg":1,"minecraft:netherite_sword":1},"minecraft:picked_up":{"artifacts:feral_claws":1,"minecraft:wheat_seeds":244,"artifacts:crystal_heart":1,"artifacts:thorn_pendant":1,"artifacts:whoopee_cushion":1,"artifacts:superstitious_hat":3},"minecraft:custom":{"minecraft:time_since_rest":5992,"minecraft:crouch_one_cm":995,"minecraft:deaths":5,"minecraft:sprint_one_cm":89077,"minecraft:play_time":52821,"minecraft:walk_one_cm":83780,"minecraft:damage_taken":225,"minecraft:sneak_time":589,"minecraft:walk_under_water_one_cm":4755,"minecraft:mob_kills":2,"minecraft:drop":257,"minecraft:jump":632,"minecraft:damage_dealt":2554,"minecraft:leave_game":1,"minecraft:walk_on_water_one_cm":12436,"minecraft:time_since_death":5966,"minecraft:total_world_time":52821,"minecraft:fall_one_cm":5529,"minecraft:fly_one_cm":342464}},"DataVersion":2975}