{"stats":{"minecraft:custom":{"minecraft:jump":178,"minecraft:time_since_rest":2141,"minecraft:deaths":2,"minecraft:crouch_one_cm":4,"minecraft:damage_taken":225,"minecraft:sprint_one_cm":21673,"minecraft:play_time":15218,"minecraft:walk_on_water_one_cm":7849,"minecraft:time_since_death":2126,"minecraft:walk_one_cm":15180,"minecraft:sneak_time":81,"minecraft:total_world_time":15218,"minecraft:walk_under_water_one_cm":2273,"minecraft:drop":246,"minecraft:fall_one_cm":5529,"minecraft:fly_one_cm":49911},"minecraft:dropped":{"gravestone:obituary":2,"minecraft:wheat_seeds":244},"minecraft:picked_up":{"minecraft:wheat_seeds":244},"minecraft:killed_by":{"minecraft:zombie":1}},"DataVersion":2975}