{
  "minecraft:recipes/transportation/acacia_boat": {
    "criteria": {
      "in_water": "2024-05-31 02:06:19 +0000"
    },
    "done": true
  },
  "minecraft:recipes/transportation/oak_boat": {
    "criteria": {
      "in_water": "2024-05-31 02:06:19 +0000"
    },
    "done": true
  },
  "create:root": {
    "criteria": {
      "0": "2024-05-31 02:19:50 +0000"
    },
    "done": true
  },
  "minecraft:recipes/transportation/dark_oak_boat": {
    "criteria": {
      "in_water": "2024-05-31 02:06:19 +0000"
    },
    "done": true
  },
  "artifacts:amateur_archaeologist": {
    "criteria": {
      "find_artifact": "2024-05-31 02:19:50 +0000"
    },
    "done": true
  },
  "minecraft:recipes/transportation/birch_boat": {
    "criteria": {
      "in_water": "2024-05-31 02:06:19 +0000"
    },
    "done": true
  },
  "lootr:root": {
    "criteria": {
      "always_true": "2024-05-31 02:05:46 +0000"
    },
    "done": true
  },
  "minecraft:recipes/transportation/jungle_boat": {
    "criteria": {
      "in_water": "2024-05-31 02:06:19 +0000"
    },
    "done": true
  },
  "minecraft:recipes/transportation/spruce_boat": {
    "criteria": {
      "in_water": "2024-05-31 02:06:19 +0000"
    },
    "done": true
  },
  "minecraft:adventure/adventuring_time": {
    "criteria": {
      "minecraft:taiga": "2024-05-31 02:10:14 +0000",
      "minecraft:birch_forest": "2024-05-31 02:07:20 +0000",
      "minecraft:bamboo_jungle": "2024-05-31 02:05:46 +0000",
      "minecraft:river": "2024-05-31 02:06:58 +0000",
      "minecraft:stony_shore": "2024-05-31 02:07:18 +0000",
      "minecraft:forest": "2024-05-31 02:07:00 +0000",
      "minecraft:ocean": "2024-05-31 02:06:17 +0000"
    },
    "done": false
  },
  "DataVersion": 2975
}