{
  "create:root": {
    "criteria": {
      "0": "2024-05-30 11:56:41 +0000"
    },
    "done": true
  },
  "minecraft:adventure/adventuring_time": {
    "criteria": {
      "minecraft:bamboo_jungle": "2024-05-30 11:29:39 +0000",
      "minecraft:beach": "2024-05-30 11:31:50 +0000",
      "minecraft:dark_forest": "2024-05-30 11:31:28 +0000",
      "minecraft:river": "2024-05-30 11:31:30 +0000",
      "minecraft:forest": "2024-05-30 11:33:02 +0000",
      "minecraft:ocean": "2024-05-30 11:31:52 +0000",
      "minecraft:deep_lukewarm_ocean": "2024-05-30 11:34:32 +0000",
      "minecraft:old_growth_birch_forest": "2024-05-30 11:32:57 +0000",
      "minecraft:savanna": "2024-05-30 11:35:05 +0000"
    },
    "done": false
  },
  "DataVersion": 2975
}