{
  "dungeons_arise:wda_root": {
    "criteria": {
      "WDA": "2024-06-01 05:39:07 +0000"
    },
    "done": true
  },
  "dungeons_arise:find_mushroom_village": {
    "criteria": {
      "location0": "2024-06-01 05:40:03 +0000"
    },
    "done": true
  },
  "incendium:technical/using/ragnarok": {
    "criteria": {
      "log_spam_fixer": "2024-06-01 05:39:07 +0000"
    },
    "done": false
  },
  "create:root": {
    "criteria": {
      "0": "2024-06-01 05:58:53 +0000"
    },
    "done": true
  },
  "incendium:technical/using/trailblazer": {
    "criteria": {
      "log_spam_fixer": "2024-06-01 05:39:07 +0000"
    },
    "done": false
  },
  "lootr:root": {
    "criteria": {
      "always_true": "2024-06-01 05:39:07 +0000"
    },
    "done": true
  },
  "cataclysm:root": {
    "criteria": {
      "custom_test_name": "2024-06-01 05:39:07 +0000"
    },
    "done": true
  },
  "incendium:technical/using/shield": {
    "criteria": {
      "log_spam_fixer": "2024-06-01 05:39:07 +0000"
    },
    "done": false
  },
  "incendium:technical/scroll_of_returning": {
    "criteria": {
      "log_spam_fixer": "2024-06-01 05:39:07 +0000"
    },
    "done": false
  },
  "incendium:technical/new_player": {
    "criteria": {
      "requirement": "2024-06-01 05:39:07 +0000"
    },
    "done": true
  },
  "minecraft:adventure/adventuring_time": {
    "criteria": {
      "minecraft:bamboo_jungle": "2024-06-01 06:56:14 +0000",
      "minecraft:beach": "2024-06-01 05:40:45 +0000",
      "minecraft:dark_forest": "2024-06-01 05:41:08 +0000",
      "minecraft:sparse_jungle": "2024-06-01 06:57:02 +0000",
      "minecraft:river": "2024-06-01 05:39:57 +0000",
      "minecraft:lukewarm_ocean": "2024-06-01 06:55:47 +0000",
      "minecraft:ocean": "2024-06-01 05:53:01 +0000",
      "minecraft:old_growth_birch_forest": "2024-06-01 05:39:07 +0000",
      "minecraft:plains": "2024-06-01 06:57:14 +0000"
    },
    "done": false
  },
  "DataVersion": 2975
}