{
  "create:root": {
    "criteria": {
      "0": "2024-05-31 01:42:05 +0000"
    },
    "done": true
  },
  "minecraft:adventure/root": {
    "criteria": {
      "killed_by_something": "2024-05-31 01:42:05 +0000"
    },
    "done": true
  },
  "minecraft:story/shiny_gear": {
    "criteria": {
      "diamond_chestplate": "2024-05-31 02:19:48 +0000"
    },
    "done": true
  },
  "lootr:root": {
    "criteria": {
      "always_true": "2024-05-31 01:41:19 +0000"
    },
    "done": true
  },
  "minecraft:adventure/adventuring_time": {
    "criteria": {
      "minecraft:taiga": "2024-05-31 02:18:47 +0000",
      "minecraft:bamboo_jungle": "2024-05-31 01:41:19 +0000",
      "minecraft:river": "2024-05-31 02:17:43 +0000",
      "minecraft:forest": "2024-05-31 01:45:08 +0000",
      "minecraft:ocean": "2024-05-31 02:06:18 +0000"
    },
    "done": false
  },
  "DataVersion": 2975
}